name,listeners,playcount,url,tags
Pharrell Williams,2774221,43617649,https://www.last.fm/music/Pharrell+Williams,"['Hip-Hop', 'rnb', 'rap', 'hip hop', 'seen live']"
Katy Perry,6175068,333711598,https://www.last.fm/music/Katy+Perry,"['pop', 'female vocalists', 'pop rock', 'indie', 'rock']"
John Legend,2836133,46455264,https://www.last.fm/music/John+Legend,"['soul', 'rnb', 'Neo-Soul', 'singer-songwriter', 'Hip-Hop']"
Iggy Azalea,1655464,51492373,https://www.last.fm/music/Iggy+Azalea,"['Hip-Hop', 'rap', 'pop', 'hip hop', 'australia']"
OneRepublic,3917066,115826285,https://www.last.fm/music/OneRepublic,"['rock', 'pop rock', 'alternative', 'alternative rock', 'indie']"
Jason Derulo,1479374,22955398,https://www.last.fm/music/+noredirect/Jason+Derulo,"['rnb', 'pop', 'male vocalists', 'Jason Derulo', 'urban']"
Magic!,1238450,10869003,https://www.last.fm/music/Magic%21,"['reggae', 'pop', 'Canadian', 'soul', 'rock']"
Meghan Trainor,1800640,37146157,https://www.last.fm/music/Meghan+Trainor,"['pop', 'female vocalists', 'soul', 'american', 'jazz']"
Ariana Grande,3777425,832954454,https://www.last.fm/music/Ariana+Grande,"['pop', 'rnb', 'female vocalists', 'Ariana Grande', 'american']"
Sam Smith,2691330,97322145,https://www.last.fm/music/Sam+Smith,"['soul', 'pop', 'british', 'electronic', 'seen live']"
Pitbull,3780003,80104907,https://www.last.fm/music/Pitbull,"['Hip-Hop', 'rap', 'Reggaeton', 'hip hop', 'Crunk']"
Bastille,2116426,79510243,https://www.last.fm/music/Bastille,"['indie', 'electronic', 'alternative', 'seen live', 'british']"
Taylor Swift,5076697,2906654375,https://www.last.fm/music/Taylor+Swift,"['country', 'pop', 'female vocalists', 'singer-songwriter', 'acoustic']"
Nico,1034259,16225200,https://www.last.fm/music/Nico,"['folk', 'female vocalists', 'experimental', 'singer-songwriter', 'alternative']"
DJ Snake,2067522,37356460,https://www.last.fm/music/DJ+Snake,"['electronic', 'trap', 'dance', 'EDM', 'seen live']"
Eminem,6960855,460294059,https://www.last.fm/music/Eminem,"['rap', 'Hip-Hop', 'Eminem', 'hip hop', 'pop']"
A Great Big World,780391,7873168,https://www.last.fm/music/A+Great+Big+World,"['indie', 'indie pop', 'pop', 'piano', 'american']"
Lorde,3134988,304294193,https://www.last.fm/music/Lorde,"['pop', 'indie pop', 'electronic', 'indie', 'New Zealand']"
Passenger,1636116,32806699,https://www.last.fm/music/Passenger,"['folk', 'Melodic Death Metal', 'alternative metal', 'Nu Metal', 'metal']"
Idina Menzel,1170226,13820008,https://www.last.fm/music/Idina+Menzel,"['Broadway', 'female vocalists', 'musicals', 'Wicked', 'Rent']"
Avicii,2927487,94288014,https://www.last.fm/music/Avicii,"['House', 'electronic', 'dance', 'Progressive House', 'electro house']"
Imagine Dragons,3564658,211532622,https://www.last.fm/music/Imagine+Dragons,"['indie', 'indie rock', 'alternative', 'rock', 'indie pop']"
One Direction,2770992,244388057,https://www.last.fm/music/One+Direction,"['pop', 'british', 'one direction', 'boyband', 'X factor']"
Sia,3830183,140457773,https://www.last.fm/music/Sia,"['female vocalists', 'chillout', 'indie', 'trip-hop', 'downtempo']"
Jessie J,2659132,48426771,https://www.last.fm/music/Jessie+J,"['pop', 'british', 'female vocalists', 'rnb', 'singer-songwriter']"
Disclosure,2095872,64169438,https://www.last.fm/music/Disclosure,"['electronic', 'seen live', 'UK Garage', 'future garage', 'House']"
Maroon 5,5710318,215076459,https://www.last.fm/music/Maroon+5,"['rock', 'pop', 'pop rock', 'alternative', 'alternative rock']"
Chris Brown,4165348,113712769,https://www.last.fm/music/Chris+Brown,"['rnb', 'Hip-Hop', 'Chris Brown', 'rap', 'hip hop']"
American Authors,1053713,11591194,https://www.last.fm/music/American+Authors,"['indie', 'indie rock', 'rock', 'american', 'Pop-Rock']"
Tove Lo,2061820,104491527,https://www.last.fm/music/Tove+Lo,"['pop', 'swedish', 'electronic', 'female vocalists', 'indie']"
Calvin Harris,4324610,165715148,https://www.last.fm/music/Calvin+Harris,"['electronic', 'dance', 'electro', 'Disco', 'seen live']"
Charli,1444,8725,https://www.last.fm/music/Charli,['pop']
Beyonce,18960,391510,https://www.last.fm/music/+noredirect/Beyonce,"['rnb', 'pop', 'beyonce', 'female vocalists', 'american']"
Nicki Minaj,4200503,252904856,https://www.last.fm/music/Nicki+Minaj,"['Hip-Hop', 'rap', 'rnb', 'pop', 'hip hop']"
Enrique Iglesias,2340806,42529324,https://www.last.fm/music/Enrique+Iglesias,"['pop', 'latin', 'spanish', 'dance', 'latin pop']"
Ellie Goulding,3374591,126406061,https://www.last.fm/music/Ellie+Goulding,"['female vocalists', 'electronic', 'british', 'indie', 'indie pop']"
Clean Bandit,2101652,41875760,https://www.last.fm/music/Clean+Bandit,"['electronic', 'indie', 'experimental', 'seen live', 'british']"
Jeremih,1869921,24159406,https://www.last.fm/music/Jeremih,"['rnb', 'Hip-Hop', 'soul', 'chicago', 'r&b']"
Kid Ink,786360,10570228,https://www.last.fm/music/Kid+Ink,"['Hip-Hop', 'rap', 'west coast', 'hipster rap', 'hip hop']"
Miley Cyrus,4196780,238281354,https://www.last.fm/music/Miley+Cyrus,"['pop', 'female vocalists', 'Disney', 'dance', 'better than selena gomez']"
Justin Timberlake,4652482,125386034,https://www.last.fm/music/Justin+Timberlake,"['pop', 'rnb', 'dance', 'male vocalists', 'Hip-Hop']"
Paramore,4662111,415452996,https://www.last.fm/music/Paramore,"['rock', 'pop punk', 'alternative', 'female vocalists', 'emo']"
Aloe Blacc,1121172,12854627,https://www.last.fm/music/Aloe+Blacc,"['soul', 'Hip-Hop', 'Neo-Soul', 'Stones throw', 'seen live']"
Florida Georgia Line,544907,11820811,https://www.last.fm/music/Florida+Georgia+Line,"['country', 'country rock', 'male vocalists', 'Southern Rock', 'Donald Trump']"
MKTO,989357,10049270,https://www.last.fm/music/MKTO,"['pop', 'alternative', 'indie', 'indie pop', 'alternative rock']"
Coldplay,7951574,615377190,https://www.last.fm/music/Coldplay,"['rock', 'alternative', 'britpop', 'alternative rock', 'indie']"
Ed Sheeran,3626566,210052106,https://www.last.fm/music/Ed+Sheeran,"['acoustic', 'british', 'singer-songwriter', 'easy-listening', 'pop']"
Trey Songz,2009405,26045882,https://www.last.fm/music/Trey+Songz,"['rnb', 'soul', 'male vocalists', 'urban', 'trey songz']"
Bobby Shmurda,552020,5819444,https://www.last.fm/music/Bobby+Shmurda,"['Hip-Hop', 'rap', 'hip hop', 'new york', 'american']"
Drake,5979259,853187016,https://www.last.fm/music/Drake,"['Hip-Hop', 'rap', 'rnb', 'hip hop', 'Canadian']"
YG,1060919,18921456,https://www.last.fm/music/YG,"['Hip-Hop', 'rap', 'west coast', 'russian rap', 'russian']"
Echosmith,932082,10414581,https://www.last.fm/music/Echosmith,"['indie', 'indie pop', 'pop', 'alternative', 'american']"
Jason Aldean,969745,17624144,https://www.last.fm/music/Jason+Aldean,"['country', 'modern country', 'Jason Aldean', 'male vocalists', 'male country']"
Luke Bryan,997419,20471786,https://www.last.fm/music/Luke+Bryan,"['country', 'new country', 'modern country', 'male vocalists', 'country rock']"
Tinashe,1310639,70117600,https://www.last.fm/music/Tinashe,"['rnb', 'pop', 'soul', 'Hip-Hop', 'british']"
Brantley Gilbert,282761,4063913,https://www.last.fm/music/Brantley+Gilbert,"['country', 'male vocalists', 'country rock', 'Real Country', 'seen live']"
Becky G,1192356,20641432,https://www.last.fm/music/Becky+G,"['pop', 'rap', 'female vocalists', 'Hip-Hop', 'latin']"
Rixton,657254,5336036,https://www.last.fm/music/Rixton,"['pop', 'british', 'pop rock', 'rock', 'r&b']"
Martin Garrix,1803448,42256467,https://www.last.fm/music/Martin+Garrix,"['House', 'electronic', 'dance', 'seen live', 'electropop']"
Rich Gang,434116,4583500,https://www.last.fm/music/Rich+Gang,"['Hip-Hop', 'rap', 'Dirty South', 'trap', 'Young Thug']"
Kenny Chesney,1087356,18027898,https://www.last.fm/music/Kenny+Chesney,"['country', 'Kenny Chesney', 'modern country', 'rock', 'pop']"
Sara Bareilles,1932948,38099268,https://www.last.fm/music/Sara+Bareilles,"['female vocalists', 'pop', 'singer-songwriter', 'piano', 'acoustic']"
The Neighbourhood,3263577,288579331,https://www.last.fm/music/The+Neighbourhood,"['indie', 'indie rock', 'indie pop', 'rock', 'seen live']"
Sam Hunt,445858,8762043,https://www.last.fm/music/Sam+Hunt,"['country', 'pop', 'not country', 'farting', 'rnb']"
Michael Jackson,5781288,253055086,https://www.last.fm/music/Michael+Jackson,"['pop', '80s', 'dance', 'soul', 'funk']"
Dierks Bentley,833779,10867909,https://www.last.fm/music/Dierks+Bentley,"['country', 'modern country', 'dierks bentley', 'male vocalists', 'seen live']"
Lady Antebellum,1051980,16310654,https://www.last.fm/music/Lady+Antebellum,"['country', 'modern country', 'country pop', 'lady antebellum', 'rock']"
Naughty Boy,1042053,10507017,https://www.last.fm/music/Naughty+Boy,"['rnb', 'electronic', 'House', 'dance', 'electronica']"
Robin Thicke,1619531,17822773,https://www.last.fm/music/Robin+Thicke,"['soul', 'rnb', 'pop', 'singer-songwriter', 'Blue-Eyed Soul']"
Lady Gaga,6638367,704334837,https://www.last.fm/music/Lady+Gaga,"['pop', 'dance', 'electronic', 'female vocalists', 'female vocalist']"
Shakira,4187118,138642769,https://www.last.fm/music/Shakira,"['pop', 'latin', 'female vocalists', 'spanish', 'rock']"
5 Seconds of Summer,1868150,156841944,https://www.last.fm/music/5+Seconds+of+Summer,"['pop rock', 'pop punk', 'rock', 'pop', 'australian']"
T.I.,3092332,42202322,https://www.last.fm/music/T.I.,"['Hip-Hop', 'rap', 'Dirty South', 'hip hop', 'southern rap']"
Kongos,411513,5644324,https://www.last.fm/music/Kongos,"['rock', 'alternative rock', 'folk', 'seen live', 'south african']"
Lil Wayne,1776620,66934721,https://www.last.fm/music/+noredirect/Lil+Wayne,"['rap', 'Hip-Hop', 'hip hop', 'Gangsta Rap', 'Dirty South']"
Mike Will Made-It,803800,8945774,https://www.last.fm/music/Mike+Will+Made-It,"['Hip-Hop', 'rap', 'trap', 'hip hop', 'Dirty South']"
Jake Owen,609273,6681989,https://www.last.fm/music/Jake+Owen,"['country', 'modern country', 'male vocalists', 'Jake Owens', 'good music']"
Macklemore,1171825,15860593,https://www.last.fm/music/Macklemore,"['Hip-Hop', 'rap', 'underground rap', 'seattle', 'hip hop']"
Zedd,2182141,49273668,https://www.last.fm/music/Zedd,"['electronic', 'electro house', 'House', 'electro', 'dubstep']"
ScHoolboy Q,1739929,66158222,https://www.last.fm/music/ScHoolboy+Q,"['Hip-Hop', 'rap', 'underground hip-hop', 'West Coast Rap', 'seen live']"
Lee Brice,468224,6018175,https://www.last.fm/music/Lee+Brice,"['country', 'singer-songwriter', 'Lee Brice', 'modern country', 'male vocalists']"
Mark Ronson,2680004,42722391,https://www.last.fm/music/Mark+Ronson,"['funk', 'pop', 'british', 'Hip-Hop', 'dj']"
Wiz Khalifa,3426591,70829225,https://www.last.fm/music/Wiz+Khalifa,"['Hip-Hop', 'rap', 'underground hip-hop', 'hip hop', 'seen live']"
Fetty Wap,1320227,22659390,https://www.last.fm/music/Fetty+Wap,"['Hip-Hop', 'rap', 'trap', 'rnb', 'hip hop']"
Walk the Moon,1629203,26580995,https://www.last.fm/music/Walk+the+Moon,"['indie rock', 'indie', 'indie pop', 'seen live', 'american']"
Silento,80201,364402,https://www.last.fm/music/Silento,"['Hip-Hop', 'hip hop', 'pop', 'USA', 'Officially Shit']"
The Weeknd,4521892,847163509,https://www.last.fm/music/The+Weeknd,"['rnb', 'electronic', 'Canadian', 'dubstep', 'prog-rnb']"
Omi,929375,7276413,https://www.last.fm/music/Omi,"['reggae', 'electronic', 'hardcore', 'dance', 'jamaican']"
Hozier,2848829,210485065,https://www.last.fm/music/Hozier,"['blues', 'indie', 'soul', 'singer-songwriter', 'irish']"
Major Lazer,2534008,59873453,https://www.last.fm/music/Major+Lazer,"['seen live', 'dancehall', 'electronic', 'reggae', 'dub']"
Skrillex,2633871,81815357,https://www.last.fm/music/Skrillex,"['dubstep', 'electronic', 'breakcore', 'electro', 'electronica']"
Rachel Platten,492493,5229844,https://www.last.fm/music/Rachel+Platten,"['pop', 'indie', 'indie pop', 'female vocalists', 'singer-songwriter']"
Fifth Harmony,1370566,41626816,https://www.last.fm/music/Fifth+Harmony,"['pop', 'female vocalists', 'american', 'X factor', 'rnb']"
Omarion,1082029,7284440,https://www.last.fm/music/Omarion,"['rnb', 'Hip-Hop', 'Omarion', 'pop', 'hip hop']"
Andy Grammer,796659,10019947,https://www.last.fm/music/Andy+Grammer,"['pop', 'singer-songwriter', 'acoustic', 'seen live', 'american']"
Selena Gomez,2623481,165879003,https://www.last.fm/music/Selena+Gomez,"['pop', 'female vocalists', 'Disney', 'pop rock', 'Selena Gomez']"
David Guetta,4700608,159820930,https://www.last.fm/music/David+Guetta,"['House', 'dance', 'electronic', 'club', 'techno']"
Flo Rida,3625280,59549058,https://www.last.fm/music/Flo+Rida,"['Hip-Hop', 'rap', 'hip hop', 'Dirty South', 'southern rap']"
Justin Bieber,3955800,218564218,https://www.last.fm/music/Justin+Bieber,"['pop', 'black metal', 'justin bieber', 'rnb', 'Hip-Hop']"
Adele,4920241,257815893,https://www.last.fm/music/Adele,"['soul', 'female vocalists', 'british', 'singer-songwriter', 'indie']"
Shawn Mendes,2279851,117394548,https://www.last.fm/music/Shawn+Mendes,"['pop', 'Canadian', 'seen live', 'folk', 'acoustic']"
Nick Jonas,1119459,18350425,https://www.last.fm/music/Nick+Jonas,"['pop', 'pop rock', 'jonas brothers', 'Nick Jonas', 'Disney']"
R. City,292851,1980782,https://www.last.fm/music/+noredirect/R.+City,"['Hip-Hop', 'hip hop', 'reggae', 'rap', 'hiphop']"
Natalie La Rose,262614,1449048,https://www.last.fm/music/Natalie+La+Rose,"['pop', 'rnb', 'electronic', 'dance', 'Hip-Hop']"
Rihanna,7253259,442946054,https://www.last.fm/music/Rihanna,"['pop', 'rnb', 'female vocalists', 'dance', 'Hip-Hop']"
Fall Out Boy,4337137,309979999,https://www.last.fm/music/Fall+Out+Boy,"['pop punk', 'rock', 'emo', 'alternative', 'punk']"
Big Sean,2536033,50910577,https://www.last.fm/music/Big+Sean,"['Hip-Hop', 'rap', 'hip hop', 'good music', 'big sean']"
Rich Homie Quan,367290,4409828,https://www.last.fm/music/Rich+Homie+Quan,"['Hip-Hop', 'rap', 'Dirty South', 'atlanta', 'trap']"
T-Wayne,156568,822966,https://www.last.fm/music/T-Wayne,"['hip hop', 'All', 'rnb hiphop', 'Hip-Hop', 'T-Wayne']"
Demi Lovato,2823269,153348034,https://www.last.fm/music/Demi+Lovato,"['pop', 'pop rock', 'female vocalists', 'Disney', 'guilty pleasure']"
X Ambassadors,999780,14729292,https://www.last.fm/music/X+Ambassadors,"['indie', 'pop', 'seen live', 'indie pop', 'electronic']"
Usher,4364674,77167338,https://www.last.fm/music/Usher,"['rnb', 'Hip-Hop', 'pop', 'soul', 'rap']"
Little Big Town,617184,6683896,https://www.last.fm/music/Little+Big+Town,"['country', 'modern country', 'Little Big Town', 'american', 'seen live']"
Meek Mill,1565870,39631448,https://www.last.fm/music/Meek+Mill,"['Hip-Hop', 'rap', 'hip hop', 'trap', 'Philly']"
Rae Sremmurd,1547945,35918074,https://www.last.fm/music/Rae+Sremmurd,"['Hip-Hop', 'rap', 'hip hop', 'trap', 'seen live']"
Vance Joy,2078080,41291232,https://www.last.fm/music/Vance+Joy,"['folk', 'indie', 'singer-songwriter', 'australian', 'acoustic']"
Jidenna,262916,2408767,https://www.last.fm/music/Jidenna,"['rnb', 'Hip-Hop', 'rap', 'seen live', 'USA']"
Elle King,626500,6219330,https://www.last.fm/music/Elle+King,"['indie pop', 'rock', 'female vocalists', 'blues', 'seen live']"
Charlie Puth,1950520,111476289,https://www.last.fm/music/Charlie+Puth,"['pop', 'rnb', 'soul', 'USA', 'american']"
James Newton Howard,925454,18231657,https://www.last.fm/music/James+Newton+Howard,"['Soundtrack', 'instrumental', 'composer', 'Classical', 'Soundtracks']"
O.T. Genasis,317445,1973212,https://www.last.fm/music/O.T.+Genasis,"['Hip-Hop', 'rap', 'trap', 'BAKING SODA', 'meme rap']"
I LOVE MAKONNEN,96371,714636,https://www.last.fm/music/I+LOVE+MAKONNEN,"['Hip-Hop', 'Lo-Fi', 'pop', 'atlanta', 'rnb']"
ilovememphis,100523,436335,https://www.last.fm/music/ilovememphis,"['Crunk', 'rap', 'Hip-Hop', 'memphis', 'trap']"
George Ezra,1297818,27944066,https://www.last.fm/music/George+Ezra,"['indie', 'folk', 'singer-songwriter', 'british', 'seen live']"
Kelly Clarkson,3856873,100064847,https://www.last.fm/music/Kelly+Clarkson,"['pop', 'female vocalists', 'pop rock', 'rock', 'Kelly Clarkson']"
Ella Henderson,612400,7199517,https://www.last.fm/music/Ella+Henderson,"['pop', 'british', 'soul', 'singer-songwriter', 'X factor']"
Alessia Cara,1458556,30504251,https://www.last.fm/music/Alessia+Cara,"['pop', 'soul', 'rnb', 'Canadian', 'female vocalists']"
Mr. Probz,884752,8305405,https://www.last.fm/music/Mr.+Probz,"['Hip-Hop', 'dutch', 'rap', 'nederhop', 'netherlands']"
Nicky Jam,840963,11494278,https://www.last.fm/music/Nicky+Jam,"['Reggaeton', 'mierda', 'black metal', 'Brutal Death Metal', 'shit']"
Ne-Yo,2881172,46727949,https://www.last.fm/music/Ne-Yo,"['rnb', 'soul', 'Hip-Hop', 'Ne-Yo', 'pop']"
Twenty One Pilots,2701899,280378589,https://www.last.fm/music/Twenty+One+Pilots,"['electronic', 'alternative', 'indie pop', 'indie', 'seen live']"
Desiigner,762452,8006022,https://www.last.fm/music/Desiigner,"['Hip-Hop', 'rap', 'trap', 'hip hop', 'american']"
The Chainsmokers,2304358,70143783,https://www.last.fm/music/The+Chainsmokers,"['electronic', 'pop', 'House', 'electro house', 'dance']"
Lukas Graham,1006223,13655245,https://www.last.fm/music/Lukas+Graham,"['pop', 'soul', 'danish', 'seen live', 'retro pop']"
Mike Posner,2170053,26423710,https://www.last.fm/music/Mike+Posner,"['rnb', 'Hip-Hop', 'pop', 'electro hop', 'rap']"
DNCE,1251688,15576142,https://www.last.fm/music/DNCE,"['pop', 'pop rock', 'dance', 'funk', 'american']"
G-Eazy,1708696,44730627,https://www.last.fm/music/G-Eazy,"['Hip-Hop', 'rap', 'hip hop', 'seen live', 'Lil Wayne']"
Zayn,1890461,97325298,https://www.last.fm/music/Zayn,"['pop', 'rnb', 'british', 'male vocalists', 'sexy']"
Future,2712899,348496983,https://www.last.fm/music/Future,"['Hip-Hop', 'rap', 'trap', 'hip hop', 'atlanta']"
P!nk,3824430,113591100,https://www.last.fm/music/P%21nk,"['pop', 'pop rock', 'female vocalists', 'rock', 'female']"
D.R.A.M.,143639,1226628,https://www.last.fm/music/D.R.A.M.,"['Hip-Hop', 'rnb', 'soul', 'rap', 'seen live']"
Bryson Tiller,1379339,76037429,https://www.last.fm/music/Bryson+Tiller,"['rnb', 'Hip-Hop', 'trap', 'rap', 'soul']"
Gnash,673548,7890829,https://www.last.fm/music/Gnash,"['pop', 'rock', 'Grunge', 'Grunge Rock', 'american']"
James Bay,1134750,23208731,https://www.last.fm/music/James+Bay,"['folk', 'indie', 'singer-songwriter', 'british', 'seen live']"
Zara Larsson,1519362,43578677,https://www.last.fm/music/Zara+Larsson,"['pop', 'swedish', 'seen live', 'female vocalists', 'Sweden']"
Kent Jones,211453,1115524,https://www.last.fm/music/Kent+Jones,"['Hip-Hop', 'rap', 'comedy', 'rnb', 'hip hop']"
Kiiara,574700,6505396,https://www.last.fm/music/Kiiara,"['pop', 'electronic', 'indie', 'alternative', 'indie pop']"
Kevin Gates,619381,12783048,https://www.last.fm/music/Kevin+Gates,"['Hip-Hop', 'rap', 'trap', 'hip hop', 'underground hip-hop']"
DJ Khaled,2520646,49958154,https://www.last.fm/music/DJ+Khaled,"['Hip-Hop', 'rap', 'hip hop', 'miami', 'djs']"
Flume,1652541,60036302,https://www.last.fm/music/Flume,"['electronic', 'chillout', 'seen live', 'instrumental hip-hop', 'australian']"
Thomas Rhett,512095,12040918,https://www.last.fm/music/Thomas+Rhett,"['country', 'male vocalists', 'contemporary country', 'american', 'KKK Country']"
Post Malone,2990797,269407708,https://www.last.fm/music/Post+Malone,"['Hip-Hop', 'rap', 'trap', 'pop', 'cloud rap']"
Yo Gotti,1107920,9269258,https://www.last.fm/music/Yo+Gotti,"['rap', 'Dirty South', 'Hip-Hop', 'southern rap', 'hip hop']"
Tory Lanez,1578294,102443586,https://www.last.fm/music/Tory+Lanez,"['rnb', 'Hip-Hop', 'rap', 'Canadian', 'trap']"
Travis Scott,2535424,468534150,https://www.last.fm/music/+noredirect/Travis+Scott,"['Hip-Hop', 'rap', 'trap', 'hip hop', 'american']"
Ruth B,77233,408706,https://www.last.fm/music/Ruth+B,"['pop', 'piano', 'Canadian', 'seen live', 'female vocalists']"
Daya,723267,8173019,https://www.last.fm/music/Daya,"['pop', 'indie', 'indie pop', 'female vocalists', 'american']"
Hailee Steinfeld,1096384,22734022,https://www.last.fm/music/Hailee+Steinfeld,"['pop', 'female vocalists', 'dance', 'teen pop', 'american']"
Tim McGraw,1070552,16582643,https://www.last.fm/music/Tim+McGraw,"['country', 'Tim McGraw', 'modern country', 'male vocalists', 'male']"
Luis Fonsi,1143810,12778505,https://www.last.fm/music/Luis+Fonsi,"['pop', 'latin', 'latin pop', 'Romantica', 'spanish']"
Bruno Mars,4393370,217633870,https://www.last.fm/music/Bruno+Mars,"['pop', 'rnb', 'male vocalists', 'r&b', 'slow jams']"
Kendrick Lamar,4354285,789724651,https://www.last.fm/music/Kendrick+Lamar,"['Hip-Hop', 'rap', 'seen live', 'west coast', 'hip hop']"
Migos,1581123,57809688,https://www.last.fm/music/Migos,"['Hip-Hop', 'trap', 'rap', 'hip hop', 'atlanta']"
James Arthur,1526916,37827203,https://www.last.fm/music/James+Arthur,"['pop', 'british', 'indie', 'acoustic', 'X factor']"
LIL UZI VERT,2237404,324925536,https://www.last.fm/music/LIL+UZI+VERT,"['trap', 'rap', 'Hip-Hop', 'hip hop', 'emo rap']"
French Montana,1645236,23638083,https://www.last.fm/music/French+Montana,"['Hip-Hop', 'rap', 'hip hop', 'trap', 'shitty anal gaycore']"
Khalid,1942891,77242138,https://www.last.fm/music/Khalid,"['rnb', 'pop', 'soul', 'alternative', 'alternative rnb']"
Cardi B,1962239,58643563,https://www.last.fm/music/Cardi+B,"['Hip-Hop', 'rap', 'trap', 'hip hop', 'american']"
Childish Gambino,3191681,254087645,https://www.last.fm/music/Childish+Gambino,"['Hip-Hop', 'rap', 'seen live', 'hip hop', 'indie']"
Kygo,1737132,50758008,https://www.last.fm/music/Kygo,"['electronic', 'House', 'chillout', 'tropical house', 'downtempo']"
KYLE,964908,14997157,https://www.last.fm/music/KYLE,"['Hip-Hop', 'rap', 'rnb', 'geek', 'pop rap']"
Julia Michaels,1031022,19460856,https://www.last.fm/music/Julia+Michaels,"['pop', 'female vocalists', 'singer-songwriter', 'seen live', 'american']"
Logic,1505416,89143964,https://www.last.fm/music/Logic,"['Hip-Hop', 'rap', 'hip hop', 'biracial', 'electronic']"
Niall Horan,1149584,59431884,https://www.last.fm/music/Niall+Horan,"['pop', 'irish', 'folk', 'seen live', 'one direction']"
Liam Payne,764533,11924377,https://www.last.fm/music/Liam+Payne,"['pop', 'FLOP', 'one direction', 'british', 'rnb']"
Machine Gun Kelly,1286039,75177904,https://www.last.fm/music/Machine+Gun+Kelly,"['Hip-Hop', 'rap', 'pop punk', 'Cleveland', 'MGK']"
Portugal. The Man,1759893,55247477,https://www.last.fm/music/Portugal.+The+Man,"['experimental', 'indie', 'seen live', 'indie rock', 'Progressive']"
21 Savage,1944594,182255726,https://www.last.fm/music/21+Savage,"['trap', 'Hip-Hop', 'rap', 'hip hop', 'atlanta']"
J Balvin,1426905,48557769,https://www.last.fm/music/J+Balvin,"['mierda', 'Brutal Death Metal', 'shit', 'black metal', 'Reggaeton']"
Kodak Black,1465882,79948405,https://www.last.fm/music/Kodak+Black,"['trap', 'Hip-Hop', 'rap', 'hip hop', 'florida']"
Brett Young,169411,3223945,https://www.last.fm/music/Brett+Young,"['country', 'USA', 'american', 'singer songwriter', 'country pop']"
Halsey,2323976,178825393,https://www.last.fm/music/Halsey,"['pop', 'indie pop', 'indie', 'seen live', 'female vocalists']"
Amine,24778,207447,https://www.last.fm/music/Amine,"['rnb', 'french', 'arabic', 'Hip-Hop', 'maroc']"
Ayo,72088,527597,https://www.last.fm/music/Ayo,"['soul', 'female vocalists', 'blues', 'folk', 'singer-songwriter']"
Zay Hilfigerrr,126983,444163,https://www.last.fm/music/Zay+Hilfigerrr,"['american', 'detroit', 'United States', 'my top songs', 'Zay Hilfigerrr']"
Kesha,1999614,59441280,https://www.last.fm/music/+noredirect/Kesha,"['pop', 'dance', 'electropop', 'electro', 'glam']"
Kane Brown,411613,7182469,https://www.last.fm/music/Kane+Brown,"['country', 'country pop', 'beer', 'treble', 'fox news']"
Jon Bellion,662321,20348775,https://www.last.fm/music/Jon+Bellion,"['electronic', 'Hip-Hop', 'experimental', 'american', 'seen live']"
Luke Combs,635101,30377068,https://www.last.fm/music/Luke+Combs,"['country', 'contemporary country', 'seen live', 'americana', 'male vocalists']"
Playboi Carti,2001436,553366686,https://www.last.fm/music/Playboi+Carti,"['trap', 'Hip-Hop', 'rap', 'hip hop', 'cloud rap']"
SZA,2958292,460265223,https://www.last.fm/music/SZA,"['rnb', 'soul', 'electronic', 'alternative rnb', 'female vocalists']"
A BOOGIE WIT DA HOODIE,1182337,79039578,https://www.last.fm/music/A+BOOGIE+WIT+DA+HOODIE,"['rap', 'Hip-Hop', 'hip hop', 'trap', 'seen live']"
Gucci Mane,2417293,51394907,https://www.last.fm/music/Gucci+Mane,"['Hip-Hop', 'rap', 'trap', 'Dirty South', 'hip hop']"
Harry Styles,2708388,335020299,https://www.last.fm/music/Harry+Styles,"['pop', 'seen live', 'rock', 'pop rock', 'alternative']"
Marian Hill,432939,4961240,https://www.last.fm/music/Marian+Hill,"['electronic', 'pop', 'jazz', 'chillout', 'female vocalists']"
Cheat Codes,840683,12580404,https://www.last.fm/music/Cheat+Codes,"['electronic', 'pop', 'tropical house', 'dance', 'EDM']"
Dustin Lynch,214993,3555114,https://www.last.fm/music/Dustin+Lynch,"['country', 'Donald Trump', 'trump', 'similar to johnny rebel', 'racism']"
YFN Lucci,189473,1836350,https://www.last.fm/music/YFN+Lucci,"['rap', 'Hip-Hop', 'hip hop', 'Dirty South', 'trap']"
Camila Cabello,1990124,104385819,https://www.last.fm/music/Camila+Cabello,"['pop', 'female vocalists', 'cuba', 'cuban', 'dance']"
Blackbear,1479512,58546038,https://www.last.fm/music/Blackbear,"['electronic', 'pop', 'rnb', 'Hip-Hop', 'hip hop']"
xxxtentacion,2344778,272167484,https://www.last.fm/music/xxxtentacion,"['rap', 'Hip-Hop', 'trap', 'cloud rap', 'emo rap']"
Keith Urban,1013306,16473267,https://www.last.fm/music/Keith+Urban,"['country', 'Keith Urban', 'singer-songwriter', 'rock', 'australian']"
Bebe Rexha,1257541,33509607,https://www.last.fm/music/Bebe+Rexha,"['pop', 'female vocalists', 'electronic', 'alternative', 'singer-songwriter']"
Juice WRLD,2058102,413330147,https://www.last.fm/music/Juice+WRLD,"['Hip-Hop', 'rap', 'emo rap', 'cloud rap', 'trap']"
Ella Mai,645477,13434608,https://www.last.fm/music/Ella+Mai,"['rnb', 'soul', 'british', 'Hip-Hop', 'pop']"
Dua Lipa,2777259,265554582,https://www.last.fm/music/Dua+Lipa,"['pop', 'seen live', 'electropop', 'synthpop', 'british']"
bazzi,1220394,30568772,https://www.last.fm/music/bazzi,"['rnb', 'pop', 'american', 'Hip-Hop', 'singer-songwriter']"
BlocBoy JB,481543,5072884,https://www.last.fm/music/BlocBoy+JB,"['Hip-Hop', 'rap', 'memphis', 'trap', 'pop rap']"
Lil Baby,1319910,126142727,https://www.last.fm/music/Lil+Baby,"['rap', 'Hip-Hop', 'hip hop', 'trap', 'atlanta']"
Marshmello,2152461,55812025,https://www.last.fm/music/Marshmello,"['electronic', 'dance', 'trap', 'EDM', 'pop']"
Tyga,2525482,31885525,https://www.last.fm/music/Tyga,"['Hip-Hop', 'rap', 'hip hop', 'tyga', 'young money']"
NF,1080681,76329140,https://www.last.fm/music/NF,"['Hip-Hop', 'rap', 'hip hop', 'christian', 'rnb']"
6ix9ine,948306,25148579,https://www.last.fm/music/6ix9ine,"['Hip-Hop', 'rap', 'pedophilia', 'trap', 'hip hop']"
Dan   Shay,248,1602,https://www.last.fm/music/Dan+++Shay,[]
Lauv,1494550,65835213,https://www.last.fm/music/Lauv,"['pop', 'indie pop', 'indie', 'american', 'jazz']"
Offset,1194227,32248426,https://www.last.fm/music/Offset,"['trap', 'Hip-Hop', 'rap', 'hip hop', 'ambient']"
LIL PUMP,622089,11214888,https://www.last.fm/music/LIL+PUMP,"['trap', 'Hip-Hop', 'rap', 'mumble rap', 'hip hop']"
Lil Dicky,600444,7856345,https://www.last.fm/music/Lil+Dicky,"['Hip-Hop', 'rap', 'comedy', 'hip hop', 'seen live']"
Rich The Kid,717657,13676738,https://www.last.fm/music/Rich+The+Kid,"['Hip-Hop', 'rap', 'trap', 'hip hop', 'seen live']"
Max,1040279,23759791,https://www.last.fm/music/Max,"['j-pop', 'japanese', 'JPop', 'dance', 'pop']"
A$AP Ferg,1392398,35417266,https://www.last.fm/music/A$AP+Ferg,"['Hip-Hop', 'trap', 'rap', 'hip hop', 'swag']"
Miguel,2282494,59164878,https://www.last.fm/music/Miguel,"['rnb', 'soul', 'r&b', 'Hip-Hop', 'seen live']"
Benny Blanco,1224601,35419356,https://www.last.fm/music/Benny+Blanco,"['pop', 'electronic', 'hip hop', 'dnb', 'Hip-Hop']"
Jay Rock,1203553,20772288,https://www.last.fm/music/Jay+Rock,"['Hip-Hop', 'rap', 'Gangsta Rap', 'west coast', 'West Coast Rap']"
Casper Magico,52765,524253,https://www.last.fm/music/Casper+Magico,"['latin', 'urban', 'trap', 'puerto rico', 'Puerto Rican']"
N*E*R*D,1429887,21878080,https://www.last.fm/music/N%2AE%2AR%2AD,"['Hip-Hop', 'rap', 'seen live', 'alternative', 'hip hop']"
YoungBoy Never Broke Again,857773,119444162,https://www.last.fm/music/YoungBoy+Never+Broke+Again,"['rap', 'trap', 'Hip-Hop', 'Gangsta Rap', 'hip hop']"
Daddy Yankee,1803901,37162408,https://www.last.fm/music/Daddy+Yankee,"['Reggaeton', 'latin', 'Hip-Hop', 'spanish', 'rap']"
Lil Nas,468,1972,https://www.last.fm/music/Lil+Nas,"['Hip-Hop', 'electronic']"
Billie Eilish,3522223,623398095,https://www.last.fm/music/Billie+Eilish,"['pop', 'indie pop', 'seen live', 'electropop', 'indie']"
Jonas Brothers,1803044,51041806,https://www.last.fm/music/Jonas+Brothers,"['pop', 'pop rock', 'Disney', 'rock', 'pop punk']"
Panic! at the Disco,3952395,244757892,https://www.last.fm/music/Panic%21+at+the+Disco,"['rock', 'alternative', 'emo', 'pop punk', 'indie']"
Lizzo,1527520,48780774,https://www.last.fm/music/Lizzo,"['seen live', 'Hip-Hop', 'pop', 'rnb', 'rap']"
Ava Max,1316070,54674673,https://www.last.fm/music/Ava+Max,"['pop', 'electropop', 'female vocalists', 'american', 'electronic']"
DaBaby,1243401,45507144,https://www.last.fm/music/DaBaby,"['Hip-Hop', 'rap', 'trap', 'hip hop', 'american']"
J. Cole,3427621,234772550,https://www.last.fm/music/J.+Cole,"['Hip-Hop', 'rap', 'underground hip-hop', 'hip hop', 'Jazz Hop']"
Lewis Capaldi,1289041,41825725,https://www.last.fm/music/Lewis+Capaldi,"['pop', 'seen live', 'pop rock', 'alternative', 'singer-songwriter']"
Lil Tecca,1372628,101587034,https://www.last.fm/music/Lil+Tecca,"['rap', 'Hip-Hop', 'trap', 'hip hop', 'new york']"
Bad Bunny,1718193,248243688,https://www.last.fm/music/Bad+Bunny,"['Reggaeton', 'latin', 'trap', 'puerto rico', 'trap latino']"
Polo G,1033345,88773561,https://www.last.fm/music/Polo+G,"['rap', 'Hip-Hop', 'trap', 'hip hop', 'american']"
Blueface,471527,7852566,https://www.last.fm/music/Blueface,"['Hip-Hop', 'rap', 'trap', 'Gangsta Rap', 'west coast hip hop']"
Sheck Wes,743840,10001835,https://www.last.fm/music/Sheck+Wes,"['trap', 'Hip-Hop', 'seen live', 'rap', 'bitch']"
Morgan Wallen,684906,56154958,https://www.last.fm/music/Morgan+Wallen,"['country', 'racist', 'country pop', 'the voice', 'contemporary country']"
Blake Shelton,1012364,15089581,https://www.last.fm/music/Blake+Shelton,"['country', 'modern country', 'Blake Shelton', 'male country', 'My Country']"
Dean Lewis,810725,19935009,https://www.last.fm/music/Dean+Lewis,"['indie', 'pop', 'australian', 'seen live', 'singer-songwriter']"
Mustard,990153,18225909,https://www.last.fm/music/Mustard,"['rap', 'hip hop', 'trap', 'Hip-Hop', 'rnb']"
Blanco Brown,118166,737525,https://www.last.fm/music/Blanco+Brown,"['country', 'Hip-Hop', 'pop', 'rap', 'trap']"
Calboy,255317,3525394,https://www.last.fm/music/Calboy,"['Hip-Hop', 'rap', 'hip hop', 'american', 'chicago']"
Lauren Daigle,328589,4781483,https://www.last.fm/music/Lauren+Daigle,"['pop', 'soul', 'christian', 'female vocalists', 'singer-songwriter']"
Young Thug,1536358,140852340,https://www.last.fm/music/Young+Thug,"['trap', 'Hip-Hop', 'rap', 'hip hop', 'atlanta']"
YNW Melly,892823,29435028,https://www.last.fm/music/YNW+Melly,"['trap', 'rap', 'Hip-Hop', 'rnb', 'florida']"
City Girls,590057,11048548,https://www.last.fm/music/City+Girls,"['rap', 'Hip-Hop', 'trap', 'miami', 'hip hop']"
Shaed,454236,4086680,https://www.last.fm/music/Shaed,"['electronic', 'pop', 'soul', 'indie pop', 'female vocalists']"
Flipp Dinero,427718,5292868,https://www.last.fm/music/Flipp+Dinero,"['rap', 'trap', 'Hip-Hop', 'cloud rap', 'hip hop']"
PINKFONG,298415,4833494,https://www.last.fm/music/PINKFONG,"['Brutal Death Metal', 'grindcore', 'kids', 'Educational', 'children']"
Saweetie,1022910,17370049,https://www.last.fm/music/Saweetie,"['better than selena gomez', 'urban', 'Hip-Hop', 'female rapper', 'nicki minaj']"
YK Osiris,192541,1537674,https://www.last.fm/music/YK+Osiris,"['Hip-Hop', 'soul', 'rap', 'rnb', 'american']"
Megan Thee Stallion,1927414,151025743,https://www.last.fm/music/Megan+Thee+Stallion,"['rap', 'Hip-Hop', 'trap', 'hip hop', 'american']"
NLE Choppa,1197285,45025848,https://www.last.fm/music/NLE+Choppa,"['trap', 'rap', 'Hip-Hop', 'hip hop', 'memphis']"
Chase Rice,131276,2106763,https://www.last.fm/music/Chase+Rice,"['country', 'seen live', 'country rock', 'pop', 'rock']"
Roddy Ricch,1249237,41649269,https://www.last.fm/music/Roddy+Ricch,"['Hip-Hop', 'rap', 'trap', 'american', 'hip hop']"
Maren Morris,457434,7342115,https://www.last.fm/music/Maren+Morris,"['country', 'female vocalists', 'country pop', 'seen live', 'pop']"
Doja Cat,2954292,350677671,https://www.last.fm/music/Doja+Cat,"['pop', 'rnb', 'rap', 'Hip-Hop', 'hip hop']"
Gabby Barrett,190629,2234462,https://www.last.fm/music/Gabby+Barrett,"['country', 'American Idol', 'american', 'country pop', 'contemporary country']"
Jack Harlow,1591014,66928504,https://www.last.fm/music/Jack+Harlow,"['rap', 'Hip-Hop', 'trap', 'pop rap', 'hip hop']"
Tones And I,808307,11149579,https://www.last.fm/music/Tones+And+I,"['pop', 'australian', 'indie pop', 'female vocalists', 'alternative']"
Arizona Zervas,740626,10805064,https://www.last.fm/music/Arizona+Zervas,"['Hip-Hop', 'rap', 'USA', 'rnb', 'american']"
SAINt JHN,874224,19449818,https://www.last.fm/music/SAINt+JHN,"['Hip-Hop', 'rap', 'rnb', 'trap', 'electronic']"
Trevor Daniel,701385,10759908,https://www.last.fm/music/Trevor+Daniel,"['pop', 'rnb', 'Hip-Hop', 'rap', 'electronic']"
lil Mosey,813532,21073680,https://www.last.fm/music/lil+Mosey,"['cloud rap', 'Hip-Hop', 'rap', 'lil mosey', 'american']"
Jawsh 685,486083,11266487,https://www.last.fm/music/Jawsh+685,"['Hip-Hop', 'electronic', 'pop', 'New Zealand', 'cheap']"
BTS,1914647,2261940644,https://www.last.fm/music/BTS,"['k-pop', 'Korean', 'Kpop', 'bts', 'pop']"
Powfu,903262,22833089,https://www.last.fm/music/Powfu,"['Hip-Hop', 'emo rap', 'rap', 'Lo-Fi', 'indie']"
24kgoldn,1029999,20670558,https://www.last.fm/music/24kgoldn,"['Hip-Hop', 'pop', 'rap', 'trap', 'rnb']"
Pop Smoke,1346176,115456287,https://www.last.fm/music/Pop+Smoke,"['drill', 'rap', 'trap', 'Hip-Hop', 'hip hop']"
Black Eyed Peas,5256649,123828499,https://www.last.fm/music/Black+Eyed+Peas,"['Hip-Hop', 'pop', 'rnb', 'rap', 'hip hop']"
Rod Wave,535814,35996306,https://www.last.fm/music/Rod+Wave,"['rap', 'trap', 'Hip-Hop', 'hip hop', 'florida']"
JP Saxe,608449,8424097,https://www.last.fm/music/JP+Saxe,"['pop', 'singer-songwriter', 'indie', 'indie pop', 'Canadian']"
Old Dominion,243890,4911587,https://www.last.fm/music/Old+Dominion,"['country', 'black metal', 'seen live', 'rock', 'alternative rock']"
SurFaces,781096,13249236,https://www.last.fm/music/SurFaces,"['pop', 'indie', 'soul', 'USA', 'indie pop']"
StaySolidRocky,368587,3368343,https://www.last.fm/music/StaySolidRocky,"['Hip-Hop', 'rap', 'electronic', 'indie', 'Avant-Garde']"
Maddie,816,4960,https://www.last.fm/music/Maddie,[]
Mariah Carey,4334668,191756222,https://www.last.fm/music/Mariah+Carey,"['pop', 'rnb', 'female vocalists', 'soul', 'Mariah Carey']"
Carly Pearce,119946,2127236,https://www.last.fm/music/Carly+Pearce,"['country', 'female vocalists', 'seen live', 'USA', 'contemporary country']"
benee,861099,18135733,https://www.last.fm/music/benee,"['pop', 'indie pop', 'New Zealand', 'indie', 'female vocalists']"
THE SCOTTS,548884,5259673,https://www.last.fm/music/+noredirect/THE+SCOTTS,"['rap', 'kid cudi', 'travis scott', 'Hip-Hop', 'hip hop']"
Miranda Lambert,913067,14615547,https://www.last.fm/music/Miranda+Lambert,"['country', 'female vocalists', 'singer-songwriter', 'Miranda Lambert', 'american']"
Jhene Aiko,4655,54623,https://www.last.fm/music/+noredirect/Jhene+Aiko,"['rnb', 'soul', 'pop', 'female vocalists', 'r&b']"
surf mesa,464140,3891794,https://www.last.fm/music/surf+mesa,"['electronic', 'Lo-Fi', 'seattle', 'USA', 'elektro']"
MoneyBagg Yo,618418,17956727,https://www.last.fm/music/MoneyBagg+Yo,"['rap', 'trap', 'Hip-Hop', 'memphis', 'hip hop']"
H.E.R.,1114727,28547154,https://www.last.fm/music/H.E.R.,"['rnb', 'soul', 'pop', 'seen live', 'alternative rnb']"
Olivia Rodrigo,2526256,426336671,https://www.last.fm/music/Olivia+Rodrigo,"['pop', 'pop rock', 'seen live', 'rock', 'indie pop']"
Silk Sonic,9500,217294,https://www.last.fm/music/Silk+Sonic,"['soul', 'funk', 'rnb', 'pop', 'Smooth Soul']"
The Kid Laroi,1996501,122032001,https://www.last.fm/music/The+Kid+Laroi,"['rap', 'emo rap', 'Hip-Hop', 'australian', 'pop']"
Glass Animals,2194878,108005518,https://www.last.fm/music/Glass+Animals,"['electronic', 'seen live', 'trip-hop', 'indie', 'british']"
Masked Wolf,579762,6204304,https://www.last.fm/music/Masked+Wolf,"['Hip-Hop', 'rap', 'hip hop', 'australian', 'australia']"
Ariana Grande feat. Doja Cat,804,8406,https://www.last.fm/music/Ariana+Grande+feat.+Doja+Cat,[]
Walker Hayes,172038,1755243,https://www.last.fm/music/Walker+Hayes,"['country', 'pop', 'who', 'not country', 'country rap']"
Giveon,1030221,44294131,https://www.last.fm/music/Giveon,"['rnb', 'Neo-Soul', 'soul', 'contemporary rnb', 'USA']"
lil tjay,823384,52452113,https://www.last.fm/music/lil+tjay,"['rap', 'Hip-Hop', 'trap', 'Melodic Rap', 'drill']"
Tate McRae,1663033,131085586,https://www.last.fm/music/Tate+McRae,"['pop', 'Canadian', 'seen live', 'electronic', 'electropop']"
Pooh Shiesty,390323,11343809,https://www.last.fm/music/Pooh+Shiesty,"['rap', 'trap', 'Hip-Hop', 'memphis', 'hip hop']"
SPOTEMGOTTEM,191175,2266055,https://www.last.fm/music/SPOTEMGOTTEM,"['rap', 'Hip-Hop', 'trap', 'american', 'United States']"
Kali Uchis,2480883,231915931,https://www.last.fm/music/Kali+Uchis,"['rnb', 'Neo-Soul', 'soul', 'seen live', 'pop']"
CJ,344208,3079848,https://www.last.fm/music/CJ,"['rap', 'Hip-Hop', 'hip hop', 'new york', 'rnb']"
Internet Money,946481,22694722,https://www.last.fm/music/Internet+Money,"['rap', 'Hip-Hop', 'trap', 'hip hop', 'emo rap']"
Chris Stapleton,659604,20444663,https://www.last.fm/music/Chris+Stapleton,"['country', 'americana', 'singer-songwriter', 'folk', 'bluegrass']"
AJR,1034836,44284956,https://www.last.fm/music/AJR,"['seen live', 'indie pop', 'pop', 'indie', 'new york']"
Yung Bleu,288747,3607379,https://www.last.fm/music/Yung+Bleu,"['rap', 'Hip-Hop', 'rnb', 'Alabama', 'soul']"
Wizkid,485565,10582480,https://www.last.fm/music/Wizkid,"['nigeria', 'Hip-Hop', 'afrobeat', 'wizkid', 'afropop']"
Ryan Hurd,112910,1151687,https://www.last.fm/music/Ryan+Hurd,['country']
Maneskin,5156,83218,https://www.last.fm/music/Maneskin,"['italian', 'indie', 'pop rock', 'glam rock', 'Italy']"
Nelly,2987892,32286313,https://www.last.fm/music/Nelly,"['Hip-Hop', 'rap', 'rnb', 'hip hop', 'Nelly']"
Mooski,63686,434397,https://www.last.fm/music/Mooski,"['rap', 'Alabama', 'Hip-Hop', 'hip hop', 'USA']"
COI LERAY,679254,7438824,https://www.last.fm/music/COI+LERAY,"['rap', 'Hip-Hop', 'trap', 'new jersey', 'hip hop']"
Duncan Laurence,581105,8499901,https://www.last.fm/music/Duncan+Laurence,"['pop', 'Eurovision', 'soul', 'dutch', 'seen live']"
Niko Moon,54266,542356,https://www.last.fm/music/Niko+Moon,['country']
Parmalee,112748,1242086,https://www.last.fm/music/Parmalee,"['alternative rock', 'Discoverockult', 'rock', 'post-grunge', 'hard rock']"
Eric Church,693968,12536046,https://www.last.fm/music/Eric+Church,"['country', 'modern country', 'eric church', 'male country', 'Traditional Country']"
Brenda Lee,1918662,13958085,https://www.last.fm/music/Brenda+Lee,"['oldies', '60s', 'female vocalists', 'country', 'rockabilly']"
ritt momney,514541,6106711,https://www.last.fm/music/ritt+momney,"['indie pop', 'indie', 'indie rock', 'bedroom pop', 'alternative']"
Cole Swindell,208676,3812933,https://www.last.fm/music/Cole+Swindell,"['country', 'racist', 'youngstar', 'KKK Country', 'racist country']"
Lainey Wilson,160951,2842346,https://www.last.fm/music/Lainey+Wilson,"['country', 'country rock', 'rock', 'female vocalists', 'USA']"
BRS Kash,97072,577164,https://www.last.fm/music/BRS+Kash,"['hip hop', 'rap', 'United States', 'pizzer', 'pizzer0081-discord']"
Rauw Alejandro,758214,56497569,https://www.last.fm/music/Rauw+Alejandro,"['Reggaeton', 'sexy', 'dance', 'latin', 'male vocalists']"
Latto,722846,11500592,https://www.last.fm/music/Latto,"['rap', 'Hip-Hop', 'female vocalist', 'atlanta', 'seen live']"
Elton John,4557844,130676003,https://www.last.fm/music/Elton+John,"['pop', 'classic rock', 'singer-songwriter', 'rock', 'piano']"
Gayle,693903,7818844,https://www.last.fm/music/Gayle,"['pop', 'female vocalists', 'USA', 'pop rock', 'seen live']"
Kate Bush,2824362,111692937,https://www.last.fm/music/Kate+Bush,"['female vocalists', 'singer-songwriter', 'pop', 'alternative', '80s']"
carolina gaitan,370,3040,https://www.last.fm/music/carolina+gaitan,"['musical', 'Broadway']"
Steve Lacy,2537475,221369218,https://www.last.fm/music/Steve+Lacy,"['jazz', 'free jazz', 'saxophone', 'Avant-Garde Jazz', 'soprano sax']"
Nicky Youre,550700,5466154,https://www.last.fm/music/Nicky+Youre,"['pop', 'indie pop', 'indie', 'alternative', 'singer-songwriter']"
Em Beihold,335211,4944020,https://www.last.fm/music/Em+Beihold,"['indie pop', 'pop', 'USA', 'american', 'seen live']"
Cody Johnson,197353,6090672,https://www.last.fm/music/Cody+Johnson,"['country', 'contemporary country', 'USA', 'american', 'bluegrass']"
Zach Bryan,935450,91447916,https://www.last.fm/music/Zach+Bryan,"['country', 'singer-songwriter', 'americana', 'Alt-country', 'country rock']"
Gunna,1470024,128790655,https://www.last.fm/music/Gunna,"['rap', 'trap', 'Hip-Hop', 'atlanta', 'hip hop']"
Jordan Davis,225439,5466955,https://www.last.fm/music/Jordan+Davis,"['country', 'rock', 'Hip-Hop', 'war word', 'seen live']"
Dove Cameron,1011060,21155842,https://www.last.fm/music/Dove+Cameron,"['pop', 'Disney', 'better than selena gomez', 'female vocalists', 'american']"
Joji,2401977,273087594,https://www.last.fm/music/Joji,"['Lo-Fi', 'rnb', 'Hip-Hop', 'alternative rnb', 'japanese']"
Jessica Darrow,267927,2593184,https://www.last.fm/music/Jessica+Darrow,"['USA', 'Disney', 'encanto cast', 'Soundtrack', 'Soundtracks']"
Bailey Zimmerman,195577,5683495,https://www.last.fm/music/Bailey+Zimmerman,"['country', 'contemporary country', 'singer-songwriter', 'USA', 'american']"
Ckay,600967,7615973,https://www.last.fm/music/Ckay,"['rnb', 'afrobeat', 'nigerian', 'nigeria', 'african']"
Muni Long,446252,6270166,https://www.last.fm/music/Muni+Long,"['rnb', 'soul', 'pop', 'rap', 'Hip-Hop']"
Karol G,1147264,51879112,https://www.last.fm/music/Karol+G,"['Reggaeton', 'pop', 'latin', 'latin pop', 'Colombia']"
Tyler Hubbard,86090,1151461,https://www.last.fm/music/Tyler+Hubbard,"['country', 'singer-songwriter', 'american', 'georgia', 'contemporary country']"
NEIKED,648314,6545775,https://www.last.fm/music/NEIKED,"['pop', 'rnb', 'swedish', 'indie', 'Sweden']"
Lauren Spencer Smith,300000,4739717,https://www.last.fm/music/Lauren+Spencer+Smith,"['pop', 'Canadian', 'british', 'UK', 'American Idol']"
Lil Durk,926664,52802145,https://www.last.fm/music/Lil+Durk,"['rap', 'Hip-Hop', 'drill', 'trap', 'hip hop']"
Bobby Helms,1473693,6856902,https://www.last.fm/music/Bobby+Helms,"['country', 'christmas', 'rockabilly', 'oldies', 'male vocalists']"
Burl Ives,1004185,6133183,https://www.last.fm/music/Burl+Ives,"['folk', 'oldies', 'christmas', 'male vocalists', 'golden oldies']"
Russell Dickerson,139422,2065273,https://www.last.fm/music/Russell+Dickerson,"['country', 'pop', 'pop country', 'contemporary country', 'country road']"
Scotty McCreery,187564,2435913,https://www.last.fm/music/Scotty+McCreery,"['country', 'American Idol', 'contemporary country', 'sexy', 'male vocalists']"
Jon Pardi,280792,7378876,https://www.last.fm/music/Jon+Pardi,"['country', 'seen live', 'contemporary country', 'american', 'California']"
Ernest,105547,2258917,https://www.last.fm/music/Ernest,"['country', 'Korean', 'indie', 'pop', 'Arcade Fire']"
Jnr Choi,154697,1193143,https://www.last.fm/music/Jnr+Choi,"['gambia', 'alternative', 'rap', 'rnb', 'trap']"
Metro Boomin,2025543,190227619,https://www.last.fm/music/Metro+Boomin,"['trap', 'Hip-Hop', 'rap', 'hip hop', 'Southern Hip Hop']"
Rema,805264,15120766,https://www.last.fm/music/Rema,"['afrobeats', 'seen live', 'trap', 'pop', 'nigerian']"
pinkpantheress,2167635,165885876,https://www.last.fm/music/pinkpantheress,"['electronic', 'rnb', 'pop', 'british', 'seen live']"
Toosii,304960,6242967,https://www.last.fm/music/Toosii,"['rap', 'Hip-Hop', 'hip hop', 'trap', 'Melodic Rap']"
Eslabon Armado,593300,23389371,https://www.last.fm/music/Eslabon+Armado,"['Corridos tumbados', 'Sierreno', 'corrido', 'corridos', 'sad sierreno']"
Jelly Roll,243250,4835110,https://www.last.fm/music/Jelly+Roll,"['rap', 'Hip-Hop', 'country', 'jelly roll', 'hip hop']"
Yng Lvcas,243603,2765396,https://www.last.fm/music/Yng+Lvcas,"['Reggaeton', 'Hip-Hop', 'rap', 'latin', 'mexico']"
JVKE,1224897,33033915,https://www.last.fm/music/JVKE,"['indie pop', 'indie', 'pop', 'alternative', 'USA']"
Fifty Fifty,1104233,28047813,https://www.last.fm/music/Fifty+Fifty,"['k-pop', 'pop', 'Korean', 'Kpop', 'girl group']"
Raye,1180563,32915333,https://www.last.fm/music/Raye,"['pop', 'rnb', 'seen live', 'british', 'female vocalists']"
Grupo Frontera,356535,8273035,https://www.last.fm/music/Grupo+Frontera,"['latin', 'rnb', 'mexico', 'texas', 'Musica Mexicana']"
Stephen Sanchez,1234566,23161693,https://www.last.fm/music/Stephen+Sanchez,"['folk', 'singer-songwriter', 'indie pop', 'folk pop', 'indie']"
Hardy,172997,4814735,https://www.last.fm/music/Hardy,"['country rock', 'rock', 'country', 'country pop', 'post-grunge']"
David Kushner,805124,17534423,https://www.last.fm/music/David+Kushner,"['indie', 'alternative', 'singer-songwriter', 'pop', 'folk']"
Megan Moroney,188083,6526311,https://www.last.fm/music/Megan+Moroney,"['country', 'USA', 'georgia', 'modern country pop']"
ICE SPICE,1215572,39809095,https://www.last.fm/music/ICE+SPICE,"['rap', 'drill', 'Hip-Hop', 'trap', 'grah']"
Glorilla,695506,14151360,https://www.last.fm/music/Glorilla,"['rap', 'trap', 'Hip-Hop', 'hip hop', 'memphis']"
Fuerza Regida,336907,21162171,https://www.last.fm/music/Fuerza+Regida,"['Corridos tumbados', 'latin', 'mexico', 'corridos', 'Sierreno']"
Doechii,1487840,56442766,https://www.last.fm/music/Doechii,"['rap', 'rnb', 'hip hop', 'Hip-Hop', 'pop']"
Oliver Anthony Music,109903,1333553,https://www.last.fm/music/Oliver+Anthony+Music,"['country', 'industry plant', 'singer-songwriter', 'americana', 'nazi']"
Noah Kahan,1253439,119251990,https://www.last.fm/music/Noah+Kahan,"['indie', 'folk', 'singer-songwriter', 'seen live', 'acoustic']"
Jung Kook,1109677,608165696,https://www.last.fm/music/Jung+Kook,"['k-pop', 'pop', 'Korean', 'bot', 'worst of 2024']"
Wham!,2830992,34371769,https://www.last.fm/music/Wham%21,"['80s', 'pop', 'british', 'new wave', 'dance']"
Parker McCollum,112414,3348476,https://www.last.fm/music/Parker+McCollum,"['country', 'folk', 'americana', 'american', 'texas']"
Peso Pluma,531797,35357252,https://www.last.fm/music/Peso+Pluma,"['mexico', 'Reggaeton', 'Corridos tumbados', 'corrido tumbado', 'corridos belicos']"
Kaliii,259208,1619308,https://www.last.fm/music/Kaliii,"['atlanta', 'rap', 'Hip-Hop', 'hip hop', 'USA']"
Corey Kent,75796,1090956,https://www.last.fm/music/Corey+Kent,"['country', 'USA', 'texas country', 'modern country pop']"
Young Nudy,810857,38600629,https://www.last.fm/music/Young+Nudy,"['rap', 'trap', 'Hip-Hop', 'hip hop', 'Gangsta Rap']"
Bizarrap,765208,37603525,https://www.last.fm/music/Bizarrap,"['rap', 'trap', 'argentina', 'latin', 'electronic']"
Teddy Swims,808217,11950526,https://www.last.fm/music/Teddy+Swims,"['soul', 'singer-songwriter', 'rnb', 'pop', 'Neo-Soul']"
Shaboozey,570755,6961504,https://www.last.fm/music/Shaboozey,"['country', 'rap', 'Hip-Hop', 'pop', 'seen live']"
Benson Boone,1011106,25495801,https://www.last.fm/music/Benson+Boone,"['pop', 'pop rock', 'seen live', 'rock', 'USA']"
Sabrina Carpenter,2490449,351659668,https://www.last.fm/music/Sabrina+Carpenter,"['pop', 'indie pop', 'folk', 'alternative', 'pop rock']"
Tommy Richman,1225807,21267903,https://www.last.fm/music/Tommy+Richman,"['rnb', 'rap', 'funk', 'Hip-Hop', 'alternative rnb']"
Chappell Roan,1921788,214300508,https://www.last.fm/music/Chappell+Roan,"['pop', 'seen live', 'indie pop', 'synthpop', 'electropop']"
Tyla,1048940,28295122,https://www.last.fm/music/Tyla,"['rnb', 'pop', 'amapiano', 'rock', 'south africa']"
Dasha,423720,3974828,https://www.last.fm/music/Dasha,"['pop', 'country', 'indie rock', 'math rock', 'electronica']"
Jessie Murph,271576,4602107,https://www.last.fm/music/Jessie+Murph,"['pop', 'indie pop', 'USA', 'indie', 'country']"
Djo,1604289,46269718,https://www.last.fm/music/Djo,"['psychedelic pop', 'seen live', 'indie', 'psychedelic', 'indie pop']"
Flo Milli,1049690,27396081,https://www.last.fm/music/Flo+Milli,"['Hip-Hop', 'rap', 'trap', 'hip hop', 'female vocalists']"
FloyyMenor,472618,9684408,https://www.last.fm/music/FloyyMenor,"['Reggaeton', 'chile', 'reggaeton chileno', 'LPF', 'malianteo']"
Sexyy Red,769187,15882680,https://www.last.fm/music/Sexyy+Red,"['trap', 'rap', 'Hip-Hop', 'hip hop', 'queen of rap']"
Warren Zeiders,133039,2562908,https://www.last.fm/music/Warren+Zeiders,"['country', 'USA', 'american', 'country rock', 'Red Dirt']"
Artemas,1230315,29361486,https://www.last.fm/music/Artemas,"['pop', 'british', 'rnb', 'seen live', 'indie']"
Xavi,231898,5590993,https://www.last.fm/music/Xavi,"['pop', 'Reggaeton', 'regional mexican', 'electronic', 'singer-songwriter']"
Myles Smith,410164,5008538,https://www.last.fm/music/Myles+Smith,"['folk', 'british', 'alternative', 'singer-songwriter', 'americana']"
Paul Russell,324385,2128465,https://www.last.fm/music/Paul+Russell,"['Hip-Hop', 'electronica', 'rap', 'trance', 'pop']"
4batz,545532,10175774,https://www.last.fm/music/4batz,"['rap', 'rnb', 'soul', 'Hip-Hop', 'hip hop']"
Koe Wetzel,117601,4077806,https://www.last.fm/music/Koe+Wetzel,"['country', 'texas', 'rock', 'alternative rock', 'USA']"
Nate Smith,215599,2750939,https://www.last.fm/music/Nate+Smith,"['jazz', 'seen live', 'drums', 'country', 'american']"
Victoria Monet,14870,191437,https://www.last.fm/music/Victoria+Monet,"['USA', 'rnb', 'us', 'Victoria Monet']"
Tucker Wetmore,92318,1123401,https://www.last.fm/music/Tucker+Wetmore,"['country', 'USA', 'contemporary country', 'country road', 'modern country rock']"
